{"parameters/hidden.0.bias":{"_type":"histogram","values":[1],"bins":[0.37153059244155884,0.37153059244155884]},"gradients/hidden.0.bias":{"values":[1],"bins":[-0.10138404369354248,-0.10138404369354248],"_type":"histogram"},"parameters/output_layer.weight":{"bins":[1.1092694997787476,1.1092694997787476],"_type":"histogram","values":[1]},"val_accuracy":0.8125,"_wandb":{"runtime":21},"val_loss":0.00707238841624487,"val_precision":0.5,"gradients/output_layer.weight":{"_type":"histogram","values":[1],"bins":[-0.17486849427223206,-0.17486849427223206]},"parameters/hidden.0.weight":{"bins":[-0.17607957124710083,-0.1646777093410492,-0.15327584743499756,-0.14187398552894592,-0.1304721236228943,-0.11907026171684265,-0.10766840726137161,-0.09626654535531998,-0.08486468344926834,-0.0734628215432167,-0.06206095963716507,-0.05065910518169403,-0.039257243275642395,-0.02785538136959076,-0.016453519463539124,-0.005051657557487488,0.006350204348564148,0.017752066254615784,0.02915392816066742,0.040555790066719055,0.05195765197277069,0.06335951387882233,0.07476136088371277,0.0861632227897644,0.09756508469581604,0.10896694660186768,0.12036880850791931,0.13177067041397095,0.14317253232002258,0.15457439422607422,0.16597625613212585,0.1773781180381775,0.18877997994422913,0.20018184185028076,0.2115837037563324,0.22298556566238403,0.23438742756843567,0.2457892894744873,0.25719115138053894,0.2685930132865906,0.2799948751926422,0.29139673709869385,0.3027985990047455,0.3142004609107971,0.32560229301452637,0.3370041847229004,0.34840601682662964,0.35980790853500366,0.3712097406387329,0.38261163234710693,0.3940134644508362,0.4054153561592102,0.41681718826293945,0.4282190799713135,0.4396209120750427,0.45102277398109436,0.462424635887146,0.47382649779319763,0.48522835969924927,0.4966302216053009,0.5080320835113525,0.5194339752197266,0.5308358073234558,0.5422376990318298,0.5536395311355591],"_type":"histogram","values":[1,1,0,1,0,0,0,0,0,0,0,0,1,0,0,0,0,2,0,0,0,0,0,0,0,0,1,0,0,0,0,0,0,1,1,0,0,1,1,0,0,0,0,0,0,0,0,0,0,0,1,1,0,1,0,0,0,0,0,0,0,0,0,1]},"_runtime":21,"val_recall":0.16666666666666666,"train_loss":0.34007806597333967,"_step":49,"epoch":50,"gradients/output_layer.bias":{"bins":[-0.07665616273880005,-0.07665616273880005],"_type":"histogram","values":[1]},"gradients/hidden.0.weight":{"_type":"histogram","values":[1,0,1,0,0,0,0,1,0,1,0,0,1,0,0,0,0,0,0,0,0,0,1,0,0,1,0,0,0,0,0,0,1,0,0,0,0,1,1,0,0,0,0,1,1,1,0,0,0,0,0,1,0,0,0,0,0,0,0,0,0,0,0,1],"bins":[-0.19904112815856934,-0.19416803121566772,-0.1892949342727661,-0.1844218224287033,-0.1795487254858017,-0.17467562854290009,-0.16980253159999847,-0.16492941975593567,-0.16005632281303406,-0.15518322587013245,-0.15031012892723083,-0.14543703198432922,-0.1405639350414276,-0.1356908231973648,-0.1308177262544632,-0.1259446144104004,-0.12107152491807938,-0.11619842797517776,-0.11132532358169556,-0.10645222663879395,-0.10157912224531174,-0.09670602530241013,-0.09183292090892792,-0.0869598239660263,-0.0820867270231247,-0.07721362262964249,-0.07234051823616028,-0.06746742129325867,-0.06259432435035706,-0.057721227407455444,-0.05284811556339264,-0.04797501862049103,-0.043101921677589417,-0.038228824734687805,-0.033355727791786194,-0.02848261594772339,-0.023609519004821777,-0.018736422061920166,-0.013863325119018555,-0.008990220725536346,-0.004117116332054138,0.0007559806108474731,0.0056290775537490845,0.010502181947231293,0.015375278890132904,0.020248383283615112,0.025121480226516724,0.029994584619998932,0.03486768156290054,0.039740778505802155,0.04461388289928436,0.049486979842185974,0.05436008423566818,0.059233181178569794,0.064106285572052,0.06897938251495361,0.07385247945785522,0.07872558385133743,0.08359868824481964,0.08847178518772125,0.09334488213062286,0.09821798652410507,0.10309108346700668,0.10796418786048889,0.1128372848033905]},"learning_rate":0.001,"_timestamp":1.761747478489582e+09,"parameters/output_layer.bias":{"_type":"histogram","values":[1],"bins":[-2.8062543869018555,-2.8062543869018555]}}